Date,Adj_Close,Close,High,Low,Open,Volume,SMA_7,EMA_7,Price_vs_SMA_7,SMA_21,EMA_21,Price_vs_SMA_21,SMA_50,EMA_50,Price_vs_SMA_50,Rolling_Mean_7,Rolling_Std_7,Rolling_Min_7,Rolling_Max_7,Rolling_Range_7,Rolling_Mean_21,Rolling_Std_21,Rolling_Min_21,Rolling_Max_21,Rolling_Range_21,Rolling_Mean_50,Rolling_Std_50,Rolling_Min_50,Rolling_Max_50,Rolling_Range_50,BB_Upper_20,BB_Lower_20,BB_Width_20,BB_Position_20,Daily_Return,Log_Return,Cumulative_Return,Volatility_21,High_Low_Range,Close_Open_Change,RSI_14,MACD,MACD_Signal,MACD_Histogram
2025-12-01,282.8353576660156,283.1000061035156,283.4200134277344,276.1400146484375,278.010009765625,46587700,283.1000061035156,283.1000061035156,0.0,283.1000061035156,283.1000061035156,0.0,283.1000061035156,283.1000061035156,0.0,283.1000061035156,0.0,283.1000061035156,283.1000061035156,0.0,283.1000061035156,0.0,283.1000061035156,283.1000061035156,0.0,283.1000061035156,0.0,283.1000061035156,283.1000061035156,0.0,283.1000061035156,283.1000061035156,0.0,0.0,0.0,0.0,0.0,0.0,0.02571529008245567,0.0183086801161646,50.0,0.0,0.0,0.0
2025-12-02,285.9224548339844,286.19000244140625,287.3999938964844,282.6300048828125,283.0,53669500,284.64500427246094,283.8725051879883,0.5427807078133179,284.64500427246094,283.3809148615057,0.5427807078133179,284.64500427246094,283.2211824304917,0.5427807078133179,284.64500427246094,2.184957364364059,283.1000061035156,286.19000244140625,3.089996337890625,284.64500427246094,2.184957364364059,283.1000061035156,286.19000244140625,3.089996337890625,284.64500427246094,2.184957364364059,283.1000061035156,286.19000244140625,3.089996337890625,289.01491900118907,280.2750895437328,8.739829457456267,0.6767766952966363,0.010914857899228636,0.010855720764224917,0.010914857899228636,0.007676153767051049,0.016667210499949136,0.01127209343253092,50.0,0.24649543436163412,0.04929908687232683,0.1971963474893073
2025-12-03,283.8843688964844,284.1499938964844,288.6199951171875,283.29998779296875,286.20001220703125,43538700,284.48000081380206,283.9418773651123,-0.1160035560930997,284.48000081380206,283.4508311374128,-0.1160035560930997,284.48000081380206,283.25760640955025,-0.1160035560930997,284.48000081380206,1.5712090141520052,283.1000061035156,286.19000244140625,3.089996337890625,284.48000081380206,1.5712090141520052,283.1000061035156,286.19000244140625,3.089996337890625,284.48000081380206,1.5712090141520052,283.1000061035156,286.19000244140625,3.089996337890625,287.6224188421061,281.33758278549806,6.284836056608015,0.44749156312984284,-0.00712816145749029,-0.007153688178430315,0.0037088935723470495,0.009067898859243596,0.01872253189685735,-0.007162886873198082,50.0,0.274073848761077,0.09425403925007686,0.17981980951100013
2025-12-04,280.4375915527344,280.70001220703125,284.7300109863281,278.5899963378906,284.1000061035156,43989100,283.5350036621094,283.13141107559204,-0.9998735318255816,283.5350036621094,283.2007566891963,-0.9998735318255816,283.5350036621094,283.1573085976868,-0.9998735318255816,283.5350036621094,2.284267273678291,280.70001220703125,286.19000244140625,5.489990234375,283.5350036621094,2.284267273678291,280.70001220703125,286.19000244140625,5.489990234375,283.5350036621094,2.284267273678291,280.70001220703125,286.19000244140625,5.489990234375,288.10353820946597,278.9664691147528,9.137069094713183,0.1897263853768508,-0.012141410394363561,-0.012215719407566574,-0.008477548020987435,0.010002083327731158,0.021873937945926812,-0.01196759529545924,50.0,0.01734530534258738,0.07887229246857898,-0.0615269871259916
2025-12-05,278.5193786621094,278.7799987792969,281.1400146484375,278.04998779296875,280.5400085449219,47265800,282.58400268554686,282.04355800151825,-1.346149771430267,282.58400268554686,282.79886960647815,-1.346149771430267,282.58400268554686,282.98564938912244,-1.346149771430267,282.58400268554686,2.9043797995979053,278.7799987792969,286.19000244140625,7.410003662109375,282.58400268554686,2.9043797995979053,278.7799987792969,286.19000244140625,7.410003662109375,282.58400268554686,2.9043797995979053,278.7799987792969,286.19000244140625,7.410003662109375,288.3927622847427,276.77524308635105,11.61751919839162,0.17256314869902417,-0.00684009028940924,-0.006863590932648934,-0.015259651116500295,0.00891715305987364,0.011084105276559121,-0.006273649789752451,50.0,-0.33715642297090653,-0.004333450619318127,-0.3328229723515884
2025-12-08,277.6302185058594,277.8900146484375,279.6700134277344,276.1499938964844,278.1300048828125,38211800,281.8016713460286,281.00517216324806,-1.388088537199605,281.8016713460286,282.35261006483813,-1.388088537199605,281.8016713460286,282.7858205757623,-1.388088537199605,281.8016713460286,3.228094107210041,277.8900146484375,286.19000244140625,8.29998779296875,281.8016713460286,3.228094107210041,277.8900146484375,286.19000244140625,8.29998779296875,281.8016713460286,3.228094107210041,277.8900146484375,286.19000244140625,8.29998779296875,288.2578595604487,275.34548313160855,12.912376428840162,0.1970614418540084,-0.00319242461710445,-0.00319753127588418,-0.018403360447732053,0.00797589986783164,0.012666952195829077,-0.0008628707085239425,50.0,-0.6820535889492021,-0.13987747828529493,-0.5421761106639071
2025-12-09,276.9208679199219,277.17999267578125,280.0299987792969,276.9200134277344,278.1600036621094,32193300,281.1414315359933,280.04887729138136,-1.409055520052335,281.1414315359933,281.8823721203784,-1.409055520052335,281.1414315359933,282.5659841875277,-1.409055520052335,281.1414315359933,3.4256740287801244,277.17999267578125,286.19000244140625,9.010009765625,281.1414315359933,3.4256740287801244,277.17999267578125,286.19000244140625,9.010009765625,281.1414315359933,3.4256740287801244,277.17999267578125,286.19000244140625,9.010009765625,287.99277959355356,274.2900834784331,13.702696115120489,0.21090077259753662,-0.002555046727945598,-0.002558316430519311,-0.02091138572978246,0.007283800675521824,0.011220093202038086,-0.0035231915927013665,50.0,-1.0011394052529,-0.3121298636788159,-0.689009541574084
2025-12-10,278.5193786621094,278.7799987792969,279.75,276.44000244140625,277.75,33038300,280.52428763253346,279.73165766336024,-0.6217960191459341,280.84625244140625,281.6003381802801,-0.7357241352331961,280.84625244140625,282.41751417151863,-0.7357241352331961,280.52428763253346,3.4030804538819877,277.17999267578125,286.19000244140625,9.010009765625,280.84625244140625,3.279607432738182,277.17999267578125,286.19000244140625,9.010009765625,280.84625244140625,3.279607432738182,277.17999267578125,286.19000244140625,9.010009765625,287.4054673068826,274.2870375759299,13.118429730952698,0.3424923024716833,0.00577244442526248,0.005755847706403448,-0.015259651116500406,0.007422898905667641,0.011873152927352554,0.003708366442112961,50.0,-1.1120906045807715,-0.47212201185920705,-0.6399685927215644
2025-12-11,277.77008056640625,278.0299987792969,279.5899963378906,273.80999755859375,279.1000061035156,33248000,279.3585728236607,279.3062429423444,-0.4755801946348294,280.53333536783856,281.27576187109986,-0.8923490626378792,280.53333536783856,282.2454547443727,-0.8923490626378792,279.3585728236607,2.383787425229193,277.17999267578125,284.1499938964844,6.970001220703125,280.53333536783856,3.208208324459957,277.17999267578125,286.19000244140625,9.010009765625,280.53333536783856,3.208208324459957,277.17999267578125,286.19000244140625,9.010009765625,286.94975201675845,274.11691871891867,12.832833297839784,0.3049272105043954,-0.0026902934331158868,-0.002693918776111477,-0.01790889161042597,0.006948250050123662,0.020789119176614818,-0.0038337775020395167,50.0,-1.2461738450275561,-0.6269323784928769,-0.6192414665346793
2025-12-12,278.0198669433594,278.2799987792969,279.2200012207031,276.82000732421875,277.8999938964844,39532900,278.52000209263394,279.0496819015825,-0.08617094339143595,280.30800170898436,281.003419771845,-0.7234909161790395,280.30800170898436,282.08994666731087,-0.7234909161790395,278.52000209263394,1.1088924585382733,277.17999267578125,280.70001220703125,3.52001953125,280.30800170898436,3.1075281071082093,277.17999267578125,286.19000244140625,9.010009765625,280.30800170898436,3.1075281071082093,277.17999267578125,286.19000244140625,9.010009765625,286.5230579232008,274.09294549476795,12.430112428432835,0.3368475795079212,0.0008991835452922814,0.0008987795219441775,-0.01702581144578419,0.006615045086333933,0.008624385176844145,0.0013674159451548924,50.0,-1.317080385605209,-0.7649619799153433,-0.5521184056898656
2025-12-15,273.8537292480469,274.1099853515625,280.1499938964844,272.8399963378906,280.1499938964844,50409100,277.5785696847098,277.8147577640775,-1.2495864998105324,279.7445456764915,280.3767439154557,-2.0141805843982543,279.7445456764915,281.77700700786977,-2.0141805843982543,277.5785696847098,1.6263247735536466,274.1099853515625,278.7799987792969,4.670013427734375,279.7445456764915,3.490468098822815,274.1099853515625,286.19000244140625,12.08001708984375,279.7445456764915,3.490468098822815,274.1099853515625,286.19000244140625,12.08001708984375,286.72548187413713,272.76360947884586,13.961872395291266,0.09643232903136324,-0.014984955605960026,-0.015098364430199547,-0.03175563602307374,0.0074606042790268,0.026668118453321718,-0.021559909607400035,50.0,-1.6902751237619213,-0.9500246086846591,-0.7402505150772622
2025-12-16,274.353271484375,274.6099853515625,275.5,271.7900085449219,272.82000732421875,37648600,276.9828534807478,277.01356466094876,-0.856684122993997,279.31666564941406,279.8524931369199,-1.685069627660234,279.31666564941406,281.4959473350734,-1.685069627660234,276.9828534807478,1.8598615592965033,274.1099853515625,278.7799987792969,4.670013427734375,279.31666564941406,3.643180546127127,274.1099853515625,286.19000244140625,12.08001708984375,279.31666564941406,3.643180546127127,274.1099853515625,286.19000244140625,12.08001708984375,286.6030267416683,272.0303045571598,14.572722184508507,0.1770212017865141,0.0018240853187405648,0.0018224236954371396,-0.02998947569379018,0.0072446963664356935,0.01351003842896864,0.006561021843301044,50.0,-1.9235157291694236,-1.1447228327816121,-0.7787928963878115
2025-12-17,271.58587646484375,271.8399963378906,276.1600036621094,271.6400146484375,275.010009765625,50138700,276.11856515066967,275.7201725801842,-1.5495404339959375,278.7415372408353,279.1240843370081,-2.4759642826328054,278.7415372408353,281.11728259008584,-2.4759642826328054,276.11856515066967,2.618892517318503,271.8399963378906,278.7799987792969,6.94000244140625,278.7415372408353,4.057923817254954,271.8399963378906,286.19000244140625,14.350006103515625,278.7415372408353,4.057923817254954,271.8399963378906,286.19000244140625,14.350006103515625,286.85738487534525,270.6256896063254,16.231695269019838,0.07481083838992887,-0.010086993049891024,-0.010138211482018081,-0.03977396511078801,0.007249544275438765,0.016627387708075293,-0.011526901985989501,50.0,-2.3053014726257857,-1.376838560750447,-0.9284629118753387
2025-12-18,271.935546875,272.19000244140625,273.6300048828125,266.95001220703125,273.6099853515625,51630700,275.4057094029018,274.83763004548973,-1.1676253801954206,278.2735704694475,278.4937132555898,-2.1861824742386746,278.2735704694475,280.7671931724906,-2.1861824742386746,275.4057094029018,2.9411285094124393,271.8399963378906,278.7799987792969,6.94000244140625,278.2735704694475,4.273871026096078,271.8399963378906,286.19000244140625,14.350006103515625,278.2735704694475,4.273871026096078,271.8399963378906,286.19000244140625,14.350006103515625,286.8213125216397,269.72582841725534,17.095484104384354,0.14414181014733232,0.001287544541755281,0.0012867163670800797,-0.03853763132071508,0.007064099395504379,0.024541653315203,-0.005189806608599129,50.0,-2.5502294004365353,-1.6115167286876648,-0.9387126717488705
2025-12-19,273.4141845703125,273.6700134277344,274.6000061035156,269.8999938964844,272.1499938964844,94539900,274.6757114955357,274.5457258910509,-0.3661401520817369,277.96666666666664,278.05519508942115,-1.5457440600547783,277.96666666666664,280.48887239818646,-1.5457440600547783,274.6757114955357,2.5754596535544034,271.8399963378906,278.2799987792969,6.44000244140625,277.96666666666664,4.286503273515536,271.8399963378906,286.19000244140625,14.350006103515625,277.96666666666664,4.286503273515536,271.8399963378906,286.19000244140625,14.350006103515625,286.5396732136977,269.39366011963557,17.14601309406214,0.24940802766444609,0.005437418615868328,0.005422689224387653,-0.03330975793880153,0.0071310895567448605,0.017174012410652147,0.005585227137018266,30.86903086964044,-2.5949985027984894,-1.80821308350983,-0.7867854192886594
2025-12-22,270.7166748046875,270.9700012207031,273.8800048828125,270.510009765625,272.8599853515625,36571800,273.6671404157366,273.6517947234639,-0.9855546379942243,277.52937507629395,277.4110865559013,-2.363488136629725,277.52937507629395,280.11558333240276,-2.363488136629725,273.6671404157366,2.4206917282899285,270.9700012207031,278.2799987792969,7.30999755859375,277.52937507629395,4.495414617856731,270.9700012207031,286.19000244140625,15.220001220703125,277.52937507629395,4.495414617856731,270.9700012207031,286.19000244140625,15.220001220703125,286.5202043120074,268.53854584058047,17.981658471426954,0.13521863870266834,-0.009865941003960987,-0.009914931893719238,-0.04284706683608208,0.007150252199088829,0.012436783046115363,-0.006926571253840142,25.744717122861914,-2.8158869670013473,-2.0097478602081336,-0.8061391067932138
2025-12-23,272.1053771972656,272.3599853515625,272.5,269.55999755859375,270.8399963378906,29642000,272.82142421177457,273.3288423804886,-0.1691358593062263,277.2252933277803,276.951895537325,-1.7550014711194737,277.2252933277803,279.8114422351149,-1.7550014711194737,272.82142421177457,1.3280330980117674,270.9700012207031,274.6099853515625,3.639984130859375,277.2252933277803,4.529638243395613,270.9700012207031,286.19000244140625,15.220001220703125,277.2252933277803,4.529638243395613,270.9700012207031,286.19000244140625,15.220001220703125,286.28456981457157,268.1660168409891,18.118552973582496,0.23147370083518173,0.005129660569795913,0.005116548681590436,-0.03793719717556665,0.00718044994160116,0.010794546187140128,0.005612129058573717,32.00268433702084,-2.845975924618756,-2.176993473090258,-0.6689824515284979
2025-12-24,273.55401611328125,273.80999755859375,275.42999267578125,272.20001220703125,272.3399963378906,17910600,272.77856881277904,273.4491311750149,0.37811942129611603,277.03555467393664,276.66626844834946,-1.1643116058295435,277.03555467393664,279.57609146348665,-1.1643116058295435,272.77856881277904,1.2836187655087121,270.9700012207031,274.6099853515625,3.639984130859375,277.03555467393664,4.467518020147425,270.9700012207031,286.19000244140625,15.220001220703125,277.03555467393664,4.467518020147425,270.9700012207031,286.19000244140625,15.220001220703125,285.9705907142315,268.1005186336418,17.870072080589694,0.3194994905002949,0.005323881205087977,0.005309759449072081,-0.03281528910149534,0.007191804103951011,0.011796429997260428,0.005397669238708894,37.883770128814945,-2.721446630742605,-2.2858841046207274,-0.4355625261218776
2025-12-26,273.1444091796875,273.3999938964844,275.3699951171875,272.8599853515625,274.1600036621094,21521800,272.605712890625,273.43684685538227,0.29136623639947595,276.8442093698602,276.3693343981799,-1.2440987952088274,276.8442093698602,279.3338915588983,-1.2440987952088274,272.605712890625,1.0574333090365091,270.9700012207031,273.80999755859375,2.839996337890625,276.8442093698602,4.421034620676178,270.9700012207031,286.19000244140625,15.220001220703125,276.8442093698602,4.421034620676178,270.9700012207031,286.19000244140625,15.220001220703125,285.6862786112126,268.00214012850785,17.684138482704725,0.30523702204977,-0.0014974020881820538,-0.0014985243151121033,-0.03426355350725252,0.00698965213929464,0.009180723561300987,-0.0027721394640834625,36.91162812337054,-2.625574152680258,-2.3538221142326337,-0.2717520384476244
2025-12-29,273.50408935546875,273.760009765625,274.3599853515625,272.3500061035156,272.69000244140625,23715200,272.88000052315846,273.51763758294294,0.32248946085437236,276.68999938964845,276.13212306794765,-1.0589430881082527,276.68999938964845,279.11530795916207,-1.0589430881082527,272.88000052315846,1.0745878835889238,270.9700012207031,273.80999755859375,2.839996337890625,276.68999938964845,4.358032637668773,270.9700012207031,286.19000244140625,15.220001220703125,276.68999938964845,4.358032637668773,270.9700012207031,286.19000244140625,15.220001220703125,285.406064664986,267.9739341143109,17.432130550675083,0.33192016515101297,0.0013168100847762432,0.0013159438507369832,-0.03299186201527493,0.006839614002762018,0.007342121479933043,0.003923896419520059,38.406251409806394,-2.491820100219286,-2.3814217114299643,-0.11039838878932162
2025-12-30,272.82470703125,273.0799865722656,274.0799865722656,272.2799987792969,272.80999755859375,22139600,273.00714111328125,273.40822483027364,0.026682620347336847,276.5180940173921,275.8546561137947,-1.2433571326837818,276.5180940173921,278.8786286890877,-1.2433571326837818,273.00714111328125,1.031114177055977,270.9700012207031,273.80999755859375,2.839996337890625,276.5180940173921,4.320116508227435,270.9700012207031,286.19000244140625,15.220001220703125,276.5180940173921,4.320116508227435,270.9700012207031,286.19000244140625,15.220001220703125,284.4960086149798,267.88198821119204,16.614020403787777,0.3128681820980858,-0.0024840121606569676,-0.0024871024374482713,-0.03539392198948321,0.006668772166569855,0.006591430648442691,0.0009896595289323558,36.64049604873577,-2.4128770933430133,-2.387712787812574,-0.025164305530439357
2025-12-31,271.6058349609375,271.8599853515625,273.67999267578125,271.75,273.05999755859375,27293600,272.7485656738281,273.02116496059585,-0.32578734926446934,275.98285493396577,275.491504226319,-1.4938861268718104,276.30636180530894,278.60338777389063,-1.6092197170904974,272.7485656738281,1.063619332586665,270.9700012207031,273.80999755859375,2.839996337890625,275.98285493396577,4.157092999449449,270.9700012207031,286.19000244140625,15.220001220703125,276.30636180530894,4.331390613515867,270.9700012207031,286.19000244140625,15.220001220703125,282.5246833469762,268.42031177021136,14.104371576764834,0.2438728703813767,-0.004467559984957958,-0.004477569353830084,-0.03970335750485021,0.006682729916855135,0.007099215698424437,-0.004394683284847496,33.65131717457875,-2.420852019027734,-2.394340634055606,-0.026511384972128127
2026-01-02,270.75665283203125,271.010009765625,277.8399963378906,269.0,272.260009765625,37838100,272.7542811802455,272.51837616185315,-0.6395028547573383,275.25999813988096,275.08409563898323,-1.543990555466114,276.0760856296705,278.30560824415477,-1.8350288662239127,272.7542811802455,1.0525186436072844,271.010009765625,273.80999755859375,2.79998779296875,275.25999813988096,3.5721059062633174,270.9700012207031,284.1499938964844,13.17999267578125,276.0760856296705,4.373533826114296,270.9700012207031,286.19000244140625,15.220001220703125,280.83677966928724,268.7942170348143,12.042562634472915,0.18399677859825042,-0.0031265196488491354,-0.0031314174227282093,-0.042705743826335185,0.006007714757251744,0.03261870786815452,-0.004591199423947947,31.710331999549922,-2.4673164432255135,-2.4089357958895876,-0.05838064733592585
2026-01-05,267.0101623535156,267.260009765625,271.510009765625,266.1400146484375,270.6400146484375,45647200,272.0257132393973,271.2037845627961,-1.7519312483442433,274.4557131812686,274.3728151050416,-2.6218085724056657,275.70874913533527,277.8724475195065,-3.0643711511538188,272.0257132393973,2.343880096365239,267.260009765625,273.80999755859375,6.54998779296875,274.4557131812686,3.365874636401168,267.260009765625,280.70001220703125,13.44000244140625,275.70874913533527,4.640541038820907,267.260009765625,286.19000244140625,18.92999267578125,280.3950901538967,267.89190630606424,12.503183847832474,0.0,-0.013837127282653072,-0.013933752709382118,-0.055951946295962895,0.006432130481622098,0.02009277453030382,-0.012488932529815077,24.889395594898573,-2.7747479272184137,-2.482098222155353,-0.29264970506306076
2026-01-06,262.1147155761719,262.3599853515625,267.54998779296875,262.1199951171875,267.0,52352100,270.38999720982144,268.9928347599877,-2.969788801775715,273.5823785691034,273.2807396729071,-4.102016100684745,275.1747985839844,277.2641156697832,-4.656971967769341,270.38999720982144,4.172854738283313,262.3599853515625,273.760009765625,11.4000244140625,273.5823785691034,3.9867318854271883,262.3599853515625,278.7799987792969,16.420013427734375,275.1747985839844,5.269243307595373,262.3599853515625,286.19000244140625,23.83001708984375,281.12957402311594,265.51542109407154,15.614152929044394,0.0,-0.01833429707033085,-0.01850445330052291,-0.07326040376124032,0.0070073226041178684,0.02069672579263586,-0.01737833201661985,19.10618661398034,-3.374877129448919,-2.6606540036140665,-0.7142231258348524
2026-01-07,260.08660888671875,260.3299865722656,263.67999267578125,259.80999755859375,263.20001220703125,48309800,268.5228533063616,266.8271227130572,-3.0510873220718384,272.7038065592448,272.1033984819397,-4.5374577432937215,274.60384427584137,276.6000321757629,-5.197981747567073,268.5228533063616,5.3574939645526225,260.3299865722656,273.760009765625,13.430023193359375,272.7038065592448,4.744900399415269,260.3299865722656,278.7799987792969,18.45001220703125,274.60384427584137,5.927059760531959,260.3299865722656,286.19000244140625,25.860015869140625,281.8705519124435,263.0184403971268,18.852111515316665,0.0,-0.007737455757884204,-0.007767545179558986,-0.08043101038621725,0.007033567001916914,0.014865729331235604,-0.010904352209938666,17.311564293526686,-3.968540912685114,-2.922231385428276,-1.0463095272568381
2026-01-08,258.7978515625,259.0400085449219,259.2900085449219,255.6999969482422,257.0199890136719,50419300,266.4199959891183,264.88034417102335,-2.7700576365513774,271.80618722098217,270.91581757857443,-4.696794729577371,274.02740591543693,275.9114037980829,-5.469306006254012,266.4199959891183,5.827505529745467,259.0400085449219,273.0799865722656,14.03997802734375,271.80618722098217,5.445934666493633,259.0400085449219,278.7799987792969,19.739990234375,274.02740591543693,6.538384668283717,259.0400085449219,286.19000244140625,27.149993896484375,282.42295236762504,260.6520415288593,21.770910838765758,0.0,-0.004955164959399183,-0.0049674824964186315,-0.08498762642130153,0.007043371111893301,0.013858907806734107,0.00785938688660728,16.26599933575737,-4.491340803012292,-3.2360532689450796,-1.2552875340672127
2026-01-09,259.1275329589844,259.3699951171875,260.2099914550781,256.2200012207031,259.0799865722656,39997000,264.46142578125,263.5027569075644,-1.9252072959305193,270.9580920991443,269.86619735481196,-4.276711904849369,273.5039269583566,275.2627211047145,-5.167725377237862,264.46142578125,5.511412116506617,259.0400085449219,271.8599853515625,12.819976806640625,270.9580920991443,5.932287100104852,259.0400085449219,278.7799987792969,19.739990234375,273.5039269583566,6.988559887209601,259.0400085449219,286.19000244140625,27.149993896484375,282.17098219159345,258.96301133867996,23.20797085291349,0.01753637925034044,0.00127388264893602,0.0012730719488525312,-0.08382200803503781,0.0071140334950437175,0.01538339171642525,0.0011193784157503127,17.636403430407128,-4.823434770546498,-3.553529569265364,-1.2699052012811345
2026-01-12,260.0067138671875,260.25,261.29998779296875,256.79998779296875,259.1600036621094,45263800,262.8028564453125,262.6895676806733,-0.9713960037735481,270.0757112048921,268.9919975952836,-3.6381321226764705,273.0468949942753,274.6739869437453,-4.686702258432056,262.8028564453125,4.582492749741263,259.0400085449219,271.010009765625,11.970001220703125,270.0757112048921,6.0867524188140765,259.0400085449219,278.2799987792969,19.239990234375,273.0468949942753,7.290620889123791,259.0400085449219,286.19000244140625,27.149993896484375,281.59469784265013,257.7612958096936,23.833402032956542,0.10442085384474517,0.0033928553779511983,0.003387112630019483,-0.08071354860783897,0.006983133223214748,0.01729106628242075,0.004205881781479495,21.333901166004367,-4.958454614623292,-3.83451457833695,-1.1239400362863425
2026-01-13,260.8059387207031,261.04998779296875,261.80999755859375,258.3900146484375,258.7200012207031,45730800,261.3799961635045,262.27967270874717,-0.12625616932417733,269.2671392531622,268.26999670416404,-3.051672581728505,272.6469980875651,274.1397124672443,-4.253489081464891,261.3799961635045,2.814809112148773,259.0400085449219,267.260009765625,8.220001220703125,269.2671392531622,6.105057460120172,259.0400085449219,278.2799987792969,19.239990234375,272.6469980875651,7.491182262216937,259.0400085449219,286.19000244140625,27.149993896484375,280.60535197015327,257.0276405835576,23.577711386595638,0.17059956089283124,0.003073920434077726,0.0030692056002053552,-0.07788773520013381,0.007119043303602918,0.01310087366435175,0.009005823134168941,24.645697564307113,-4.943916097413876,-4.056394882152335,-0.8875212152615406
2026-01-14,259.71697998046875,259.9599914550781,261.82000732421875,256.7099914550781,259.489990234375,40019400,260.3371364048549,261.69975239532994,-0.14486790282208253,268.39475795200894,267.51454168151986,-3.142671846981088,272.2377398090978,273.5836449765711,-4.5099361912970695,260.3371364048549,1.108141093932566,259.0400085449219,262.3599853515625,3.319976806640625,268.39475795200894,6.061533895386066,259.0400085449219,274.6099853515625,15.569976806640625,272.2377398090978,7.7097004128701565,259.0400085449219,286.19000244140625,27.149993896484375,280.253277001946,255.96471616211645,24.288560839829557,0.16449205530572372,-0.004175431483854575,-0.004184172939277149,-0.08173795178222765,0.007066041147679253,0.01965693197841042,0.001811249907091265,23.211821546078255,-4.963135871883139,-4.237743080098497,-0.7253927917846426
2026-01-15,257.9685974121094,258.2099914550781,261.0400085449219,257.04998779296875,260.6499938964844,39388600,259.74428013392856,260.82731216026696,-0.5906919983220901,267.63761538550966,266.6686734791161,-3.522533227196719,271.79937267303467,272.98075660317926,-4.999783878936359,259.74428013392856,0.9434279671055412,258.2099914550781,261.04998779296875,2.839996337890625,267.63761538550966,6.300281523394693,258.2099914550781,274.6099853515625,16.399993896484375,271.79937267303467,7.979434925620627,258.2099914550781,286.19000244140625,27.980010986328125,279.7943751439907,254.78361863042332,25.010756513567372,0.136995969026212,-0.006731805114335909,-0.006754565919430446,-0.08791951293472067,0.0065842336349587775,0.015452619511229431,-0.009361221939545807,21.09028450854956,-5.0612352863888646,-4.402441521356571,-0.6587937650322937
2026-01-16,255.29112243652344,255.52999877929688,258.8999938964844,254.92999267578125,257.8999938964844,72142800,259.0585675920759,259.50298381502444,-1.362073775662679,266.7290445963542,265.6560666882234,-4.198660042443081,271.3063613429214,272.29641315910544,-5.814962275684997,259.0585675920759,1.8012052191246377,255.52999877929688,261.04998779296875,5.519989013671875,266.7290445963542,6.612548162255809,255.52999877929688,273.80999755859375,18.279998779296875,271.3063613429214,8.348810497103416,255.52999877929688,286.19000244140625,30.660003662109375,279.8276837753781,253.1193102431766,26.708373532201477,0.09025965333357971,-0.010379120733008063,-0.010433359433029877,-0.09738610642819201,0.00669206725788479,0.01553634109368131,-0.009189589659853835,18.327622431585695,-5.2942044965466835,-4.5807941163945936,-0.7134103801520899
2026-01-20,246.46937561035156,246.6999969482422,254.7899932861328,243.4199981689453,252.72999572753906,80267500,257.2957087925502,256.3022370983289,-4.118106708437579,265.53190176827565,263.93278762095235,-7.092143992727354,270.5826447430779,271.29263213122846,-8.82637828361557,257.2957087925502,5.00743226513277,246.6999969482422,261.04998779296875,14.349990844726562,265.53190176827565,7.808522958863161,246.6999969482422,273.80999755859375,27.110000610351562,270.5826447430779,9.241129258816214,246.6999969482422,286.19000244140625,39.49000549316406,280.91297841490456,249.48501505433367,31.427963360570885,0.0,-0.03455563680678142,-0.0351668036385547,-0.12857650431121426,0.009560629360684669,0.04608834721458441,-0.02385945032736693,12.512112166508743,-6.120785026679812,-4.888792298451637,-1.2319927282281746
2026-01-21,247.41848754882812,247.64999389648438,251.55999755859375,245.17999267578125,248.6999969482422,54641700,255.62142290387834,254.13917629786775,-3.1184510737941835,264.3633299328032,262.4525336460007,-6.322108304721036,269.92742614746095,270.365469847513,-8.253119206496063,255.62142290387834,6.049253215341674,246.6999969482422,261.04998779296875,14.349990844726562,264.3633299328032,8.562173140376517,246.6999969482422,273.80999755859375,27.110000610351562,269.92742614746095,9.89508208932035,246.6999969482422,286.19000244140625,39.49000549316406,280.9135991369813,246.88239237913203,34.031206757849276,0.022555812458084516,0.0038508186461043703,0.0038434232235225268,-0.12522081046536238,0.009655430234278874,0.025762184696355328,-0.00422196648428722,15.614496807302288,-6.6228550868767115,-5.235604856136653,-1.387250230740059
2026-01-22,248.1178436279297,248.35000610351562,251.0,248.14999389648438,249.1999969482422,39708300,253.92142377580916,252.69188374927973,-2.1941502963580652,263.1576152983166,261.170485687593,-5.626897469037717,269.32805336846246,269.50211832814057,-7.789031629856686,253.92142377580916,6.201889280449641,246.6999969482422,261.04998779296875,14.349990844726562,263.1576152983166,8.959630731024545,246.6999969482422,273.80999755859375,27.110000610351562,269.32805336846246,10.394617044257226,246.6999969482422,286.19000244140625,39.49000549316406,280.78111101901595,244.75288098537862,36.02823003363733,0.09984184942692405,0.002826619116832463,0.0028226317411110297,-0.12274814288521652,0.009537792972083741,0.011475764177463738,-0.003410878230881769,17.92406937370778,-6.884899258984319,-5.565463736706186,-1.319435522278133
2026-01-23,247.80812072753906,248.0399932861328,249.41000366210938,244.67999267578125,247.32000732421875,41689000,252.06285313197546,251.528911133493,-1.595974891126203,262.06571015857514,259.97680456018753,-5.351984761362108,268.7527003932644,268.6604663657089,-7.706976367799383,252.06285313197546,5.632870636911083,246.6999969482422,259.9599914550781,13.259994506835938,262.06571015857514,9.348720192388047,246.6999969482422,273.80999755859375,27.110000610351562,268.7527003932644,10.830275947739961,246.6999969482422,286.19000244140625,39.49000549316406,280.11355451366666,242.98843828418498,37.12511622948168,0.13606839560373707,-0.0012482899527435087,-0.0012490697156275657,-0.12384320756447853,0.009484707466288683,0.0190695497272962,0.0029111513043512597,17.693114686665425,-7.036474498814471,-5.859665889127843,-1.1768086096866277
2026-01-26,255.17123413085938,255.41000366210938,256.55999755859375,249.8000030517578,251.47999572753906,55969200,251.41285487583704,252.4991842656471,1.5898744669386016,261.2585681733631,259.56164084218045,-2.238611561008316,268.4015767950761,268.14084037733244,-4.840349035238997,251.41285487583704,4.765440317524538,246.6999969482422,258.2099914550781,11.509994506835938,261.2585681733631,9.144989529953792,246.6999969482422,273.80999755859375,27.110000610351562,268.4015767950761,10.89998536587761,246.6999969482422,286.19000244140625,39.49000549316406,278.44406920402776,242.81792420417537,35.626144999852386,0.35345051949870465,0.02971299216040002,0.029280115023907816,-0.09780996765956063,0.011844854974967928,0.02646722685059339,0.015627517104096822,38.109798163265786,-6.487121229386219,-5.985156957179518,-0.5019642722067008
2026-01-27,258.0285339355469,258.2699890136719,261.95001220703125,258.2099914550781,259.1700134277344,49648300,251.42142595563615,253.9418854526533,2.7239377201067048,260.51856776646207,259.44421794867964,-0.8631165033909979,268.14179249298877,267.7537481669928,-3.6815609336895956,251.42142595563615,4.779735647900596,246.6999969482422,258.2699890136719,11.569992065429688,260.51856776646207,8.696293127517356,246.6999969482422,273.760009765625,27.060012817382812,268.14179249298877,10.877276216276073,246.6999969482422,286.19000244140625,39.49000549316406,276.6597192033756,243.08927371654627,33.5704454868293,0.45220476156866773,0.01119762464490659,0.011135395361916245,-0.0877075823190363,0.012115793507173015,0.014481050493850223,-0.0034727181673487014,43.922985338246015,-5.754641959146738,-5.939053957572963,0.18441199842622424
2026-01-28,256.2002868652344,256.44000244140625,258.8599853515625,254.50999450683594,257.6499938964844,41288000,251.55142647879464,254.56641469984154,1.9433703998588574,259.71094912574404,259.1711074480184,-1.2594565979403876,267.84924774169923,267.31007186402866,-4.2595771302279335,251.55142647879464,4.9204111536693205,246.6999969482422,258.2699890136719,11.569992065429688,259.71094912574404,8.214367394742276,246.6999969482422,273.760009765625,27.060012817382812,267.84924774169923,10.895169280980127,246.6999969482422,286.19000244140625,39.49000549316406,274.51585749549025,243.50113469200974,31.01472280348051,0.41718469745421977,-0.007085556394896275,-0.007110778160384995,-0.09417168169315104,0.012147914393764272,0.016962996425335348,-0.004696260367715209,41.252954697468496,-5.261164058494302,-5.8034759777572305,0.5423119192629287
2026-01-29,258.0385437011719,258.2799987792969,259.6499938964844,254.41000366210938,258.0,67253000,253.2057124546596,255.49481071970538,2.0040173167680466,258.9738057454427,259.09009756904373,-0.26790623250437506,267.61585142554304,266.95595135090196,-3.488527527990478,253.2057124546596,4.963925825568598,247.64999389648438,258.2799987792969,10.6300048828125,258.9738057454427,7.559024938183109,246.6999969482422,273.0799865722656,26.379989624023438,267.61585142554304,10.861423630256233,246.6999969482422,286.19000244140625,39.49000549316406,272.2898608987603,244.2471325094428,28.042728389317517,0.5004101624861761,0.007175153331668849,0.007149534392551532,-0.08767222461713164,0.012318238716006432,0.020288021756003763,0.0010852665864219961,44.881053002710374,-4.6677994534392155,-5.576340672893628,0.9085412194544125
2026-01-30,259.2374267578125,259.4800109863281,261.8999938964844,252.17999267578125,255.1699981689453,92443400,254.89571489606584,256.4911107863611,1.798498688819284,258.3261878603981,259.1255442433423,0.4466535644282348,267.4221409388951,266.6627772189579,-2.9698849634076177,254.89571489606584,4.767099278974735,248.0399932861328,259.4800109863281,11.440017700195312,258.3261878603981,6.838280043705193,246.6999969482422,271.8599853515625,25.159988403320312,267.4221409388951,10.801351352986433,246.6999969482422,286.19000244140625,39.49000549316406,270.15566169451824,245.14333427716144,25.0123274173568,0.5731844330175381,0.004646167774132071,0.0046354076526533994,-0.08343339670770211,0.012424069190537013,0.03745953757191442,0.01689075066939962,47.172483052294076,-4.053990889334443,-5.271870716181791,1.2178798268473479
2026-02-02,269.7575988769531,270.010009765625,270.489990234375,259.2099914550781,260.0299987792969,73913400,257.99000113351,259.8708355311771,4.659098639212229,258.2380937848772,260.1150411090044,4.558551299776195,267.4823239348656,266.7940412403958,0.9449917263971951,257.99000113351,6.518240659693088,248.0399932861328,270.010009765625,21.970016479492188,258.2380937848772,6.6649325841112885,246.6999969482422,271.010009765625,24.310012817382812,267.4823239348656,10.679283630828166,246.6999969482422,286.19000244140625,39.49000549316406,269.88683504739004,245.31216092428966,24.57467412310038,1.0,0.04058115590203082,0.03977936083255737,-0.04623806448490253,0.015445953119789616,0.04177622447807834,0.03838022933191936,62.07251199322137,-2.686887514672094,-4.754874075879852,2.067986561207758
2026-02-03,269.22808837890625,269.4800109863281,271.8800048828125,267.6099853515625,269.20001220703125,64394700,261.05286080496654,262.2731293949648,3.22813937199391,258.1652367001488,260.9664020069429,4.38276447704735,267.5277259133079,266.8993733872951,0.7297505581357414,261.05286080496654,6.086524356749019,255.41000366210938,270.010009765625,14.600006103515625,258.1652367001488,6.525235322612002,246.6999969482422,270.010009765625,23.310012817382812,267.5277259133079,10.55867130366874,246.6999969482422,286.19000244140625,39.49000549316406,270.39885390520425,245.0221421885457,25.376711716658548,0.9637918841047893,-0.0019628856713753695,-0.001964814656119158,-0.04811019012202833,0.015437451069337818,0.0158454035815912,0.0010401142890050794,61.13782090658837,-1.6274544312803414,-4.12939014695995,2.5019357156796085
2026-02-04,276.23150634765625,276.489990234375,278.95001220703125,272.2900085449219,272.2900085449219,90545700,264.0642874581473,265.82734460481737,4.705559731622967,258.6047595796131,262.3776373003458,6.916048522786699,267.72688734266495,267.27547600874925,3.2731501040812945,264.0642874581473,7.802317682853241,256.44000244140625,276.489990234375,20.04998779296875,258.6047595796131,7.4182168601823255,246.6999969482422,276.489990234375,29.789993286132812,267.72688734266495,10.523151372354794,246.6999969482422,286.19000244140625,39.49000549316406,273.53611843434896,243.2978781476822,30.238240286666752,1.0,0.026012984125945104,0.025680401762016518,-0.023348695608023773,0.016090779234348873,0.024087684535935003,0.015424663254804004,68.00108329165977,-0.2196671532086043,-3.347445548209681,3.127778395001077
2026-02-05,275.6520690917969,275.9100036621094,279.5,273.2300109863281,278.1300048828125,52977400,266.58428955078125,268.34800936914036,3.498223442590259,259.24999854678197,263.60785242414244,6.426231517344094,267.9047811756963,267.614084936332,2.988084964845441,266.58428955078125,8.441476879452447,256.44000244140625,276.489990234375,20.04998779296875,259.24999854678197,8.298269638998567,246.6999969482422,276.489990234375,29.789993286132812,267.9047811756963,10.475286385065273,246.6999969482422,286.19000244140625,39.49000549316406,276.21611657468117,242.17588171633446,34.04023485834671,0.9910073207824319,-0.0020976765624461935,-0.002099879767540165,-0.025397394158929276,0.015450562979175325,0.02272476144558484,-0.007981883226293769,66.9476078708046,0.8395366817176182,-2.5100491022242215,3.3495857839418397
2026-02-06,277.8599853515625,278.1199951171875,280.9100036621094,276.92999267578125,277.1199951171875,50453400,269.68143136160717,270.79100580615216,3.129085941503082,260.0971418108259,264.9271381235102,6.929277723270785,268.12212615317486,268.02608141401265,3.7288489045849875,269.68143136160717,8.068158831902059,258.2799987792969,278.1199951171875,19.839996337890625,260.0971418108259,9.265703671487447,246.6999969482422,278.1199951171875,31.419998168945312,268.12212615317486,10.467396055742311,246.6999969482422,286.19000244140625,39.49000549316406,279.1563236444279,241.1436733038143,38.01265034061362,0.9727372725144299,0.008009827210848641,0.007977918818765313,-0.01759099568689948,0.015314030548769038,0.014310409377977746,0.003608545098224051,68.92322104537149,1.836125481204931,-1.640814185538391,3.476939666743322
2026-02-09,274.6199951171875,274.6199951171875,278.20001220703125,271.70001220703125,277.9100036621094,44623400,272.0157165527344,271.748253133911,0.957400034621987,260.8390459333147,265.8083069411172,5.283315285318129,268.2574984232585,268.2846662651176,2.3717870819365605,272.0157165527344,6.413860735224711,259.4800109863281,278.1199951171875,18.639984130859375,260.8390459333147,9.785964877584249,246.6999969482422,278.1199951171875,31.419998168945312,268.2574984232585,10.39782726735113,246.6999969482422,286.19000244140625,39.49000549316406,280.9809925350057,240.8440044132365,40.136988121769235,0.8415178189624002,-0.01258449612198953,-0.012664351560966831,-0.0299541179918853,0.015607266065601649,0.023669070408461265,-0.011838395529374171,62.54694310824158,2.316801885575842,-0.8492909713155445,3.166092856891386
2026-02-10,273.67999267578125,273.67999267578125,275.3699951171875,272.94000244140625,274.8900146484375,34376900,274.0442853655134,272.2311880193786,-0.13293205119978427,261.52047438848587,266.5239147351776,4.649547350251648,268.3681615712691,268.4962476929868,1.9793074832021338,274.0442853655134,3.2569392112328477,269.4800109863281,278.1199951171875,8.639984130859375,261.52047438848587,10.169274150889258,246.6999969482422,278.1199951171875,31.419998168945312,268.3681615712691,10.318066206975175,246.6999969482422,286.19000244140625,39.49000549316406,282.44235715265967,240.7256390631606,41.71671808949907,0.7899555651027093,-0.003422920610733904,-0.0034287922059860762,-0.03327450803476839,0.015663607751128825,0.008878956229219043,-0.004401840402256051,60.91695118005637,2.5920119576564957,-0.16103038552113647,2.7530423431776323
2026-02-11,275.5,275.5,280.17999267578125,274.45001220703125,274.70001220703125,51931300,274.8285696847098,273.04839101453393,0.24430877621656164,262.24666486467635,267.3399224865251,5.053766896201557,268.51079833984375,268.770904646203,2.602949938464036,274.8285696847098,2.7442039034370853,269.4800109863281,278.1199951171875,8.639984130859375,262.24666486467635,10.609008816822053,246.6999969482422,278.1199951171875,31.419998168945312,268.51079833984375,10.261922273936271,246.6999969482422,286.19000244140625,39.49000549316406,284.0684535631813,240.5445438733421,43.52390968983923,0.8031322639845094,0.0066501292492171515,0.006628114685600525,-0.02684565856468657,0.01568813996747599,0.020798477200544466,0.0029122233615549633,62.93121588701227,2.923279556145644,0.4558316028122197,2.4674479533334246
2026-02-12,261.7300109863281,261.7300109863281,275.7200012207031,260.17999267578125,275.5899963378906,81077200,273.721426827567,270.21879600748247,-4.380883141016556,262.279046921503,266.82993053196174,-0.20933274755233366,268.0833984375,268.49479116934515,-2.369929465308947,273.721426827567,5.470660122628377,261.7300109863281,278.1199951171875,16.389984130859375,262.279046921503,10.606211001518242,246.6999969482422,278.1199951171875,31.419998168945312,268.0833984375,10.085396544160236,246.6999969482422,286.19000244140625,39.49000549316406,284.1311559279443,240.65884346170415,43.47231246624014,0.4847031668947329,-0.049981811301894274,-0.051274148572826785,-0.07548567522592564,0.019616404027211844,0.05937419437060136,-0.05029204809948649,44.320052683106205,2.0510453082171693,0.7748743438932097,1.2761709643239596
2026-02-13,255.77999877929688,255.77999877929688,262.2300109863281,255.4499969482422,262.010009765625,56290700,270.76285661969865,266.60909670043606,-5.533572081286624,262.0799996512277,265.8253912817195,-2.403846489741594,267.47519836425784,267.9961718599315,-4.372442625141638,270.76285661969865,8.490452151421225,255.77999877929688,278.1199951171875,22.339996337890625,262.0799996512277,10.690794705121329,246.6999969482422,278.1199951171875,31.419998168945312,267.47519836425784,9.886163405710041,246.6999969482422,284.1499938964844,37.44999694824219,284.1349586579687,240.41204146410163,43.72291719386706,0.35148517760271675,-0.022733396848946263,-0.022995784787441406,-0.09650302626355023,0.02024249811821217,0.026507209595915907,-0.023777759452400453,38.958630326074434,0.869652313316692,0.7938299377779063,0.07582237553878568
2026-02-17,263.8800048828125,263.8800048828125,266.2900085449219,255.5399932861328,258.04998779296875,58469100,269.0442853655134,265.92682374603015,-1.9194908658568681,262.3500002906436,265.6485379727279,0.5831921442629627,267.0697985839844,267.8347535471033,-1.194367059878842,269.0442853655134,8.492474920767792,255.77999877929688,278.1199951171875,22.339996337890625,262.3500002906436,10.659723206269213,246.6999969482422,278.1199951171875,31.419998168945312,267.0697985839844,9.599887625161585,246.6999969482422,280.70001220703125,34.00001525878906,284.3279859284131,241.05401480400874,43.27397112440437,0.5274762053425467,0.031667863563111576,0.03117677762588167,-0.0678912073695801,0.021344305068503447,0.04073827141076141,0.02259258812490672,48.153604149579245,0.5803032764151226,0.7511246055053497,-0.17082132909022707
2026-02-18,264.3500061035156,264.3500061035156,266.82000732421875,262.45001220703125,263.6000061035156,34203300,267.07714407784596,265.53261933540153,-1.0211049634166538,262.7700006394159,265.5304896209813,0.6012883739601095,266.74279846191405,267.6980967846096,-0.8970410343580729,267.07714407784596,7.5863146306654565,255.77999877929688,275.5,19.720001220703125,262.7700006394159,10.550775263386786,246.6999969482422,278.1199951171875,31.419998168945312,266.74279846191405,9.40256410111801,246.6999969482422,278.7799987792969,32.08000183105469,283.86205037449616,243.28495127345303,40.57709910104313,0.519136539987923,0.0017811172199722058,0.0017795329116435036,-0.06623101234813855,0.021181987121370944,0.01653109520064196,0.002845219964469482,48.63707941545652,0.3844851451504496,0.6777967134343696,-0.29331156828392
2026-02-19,260.5799865722656,260.5799865722656,264.4800109863281,260.04998779296875,262.6000061035156,30845300,265.07142857142856,264.29446114461757,-1.6944270543864466,263.43095252627415,265.0804438892799,-1.082244104828258,266.37879821777346,267.41895520765496,-2.1769043498601266,265.07142857142856,7.100131560454097,255.77999877929688,275.5,19.720001220703125,263.43095252627415,9.90897146735799,247.64999389648438,278.1199951171875,30.470001220703125,266.37879821777346,9.278528672645024,246.6999969482422,278.7799987792969,32.08000183105469,283.15069801645984,245.28930289906748,37.86139511739236,0.40385948868994725,-0.014261469431454121,-0.0143641415256223,-0.07954793022157547,0.019818322650156504,0.017000627145749025,-0.007692381889944505,45.011260098489466,-0.07405751454581377,0.527425867838333,-0.6014833823841468
2026-02-20,264.5799865722656,264.5799865722656,264.75,258.1600036621094,258.9700012207031,42070500,263.7714276994978,264.3658425015296,0.30653770191098384,264.23714265369233,265.0349477695513,0.12974857172998702,266.11259765625,267.30762310430634,-0.5759257913690011,263.7714276994978,6.0107588606485,255.77999877929688,275.5,19.720001220703125,264.23714265369233,9.226015233646445,248.0399932861328,278.1199951171875,30.080001831054688,266.11259765625,9.131296379340348,246.6999969482422,278.7799987792969,32.08000183105469,282.42699786245157,247.63600109995085,34.790996762500725,0.4870221335704229,0.015350373037534393,0.015233748038497256,-0.06541864758730598,0.02000881957145546,0.02490738783105455,0.021662684191677776,49.327559536669234,-0.11338230474041211,0.39926423332258404,-0.5126465380629961
2026-02-23,266.17999267578125,266.17999267578125,269.42999267578125,263.3800048828125,263.489990234375,37308200,262.4399980817522,264.8193800450925,1.4250855896074208,265.086189633324,265.13904276102676,0.412621662399774,265.89259765625,267.2634023031877,0.10808688247229074,262.4399980817522,3.4787012838364073,255.77999877929688,266.17999267578125,10.399993896484375,265.086189633324,8.481221032457047,248.0399932861328,278.1199951171875,30.080001831054688,265.89259765625,8.990636188212108,246.6999969482422,278.7799987792969,32.08000183105469,281.3863455183945,250.4906533829727,30.89569213542177,0.5078164044371993,0.006047343656806037,0.006029131859271349,-0.05976691297402381,0.020018437514621214,0.022728935154558733,0.010209125739514758,50.984908448896924,-0.015264404985714464,0.3163585056609243,-0.3316229106466388
2026-02-24,272.1400146484375,272.1400146484375,274.8900146484375,267.7099914550781,267.8599853515625,47014600,263.92714146205356,266.64953869592875,3.1117956042291928,266.23380969819567,265.7754947507914,2.2184278386494714,265.7597979736328,267.4546420030014,2.4007456069174467,263.92714146205356,5.011873359271767,255.77999877929688,272.1400146484375,16.360015869140625,266.23380969819567,7.649013574917542,255.41000366210938,278.1199951171875,22.709991455078125,265.7597979736328,8.844240300265838,246.6999969482422,278.2799987792969,31.580001831054688,281.6225456587655,251.92745434123447,29.695091317531023,0.6806700841923389,0.022390946489790453,0.022143949447182894,-0.038714204234494676,0.020399783630983978,0.026383562897337412,0.01597860647702762,56.670049269070674,0.5372258949768138,0.36053198352410226,0.17669391145271157
2026-02-25,274.2300109863281,274.2300109863281,274.94000244140625,271.04998779296875,271.7799987792969,33714300,266.5628574916295,268.5446567685286,2.876302260129926,267.13000052315846,266.5440871358402,2.657885841824098,265.6837982177734,267.7203427474456,3.2166857090584138,266.5628574916295,4.862397231773447,260.5799865722656,274.2300109863281,13.6500244140625,267.13000052315846,7.416422026251156,255.77999877929688,278.1199951171875,22.339996337890625,265.6837982177734,8.752500074880125,246.6999969482422,278.2799987792969,31.580001831054688,282.2099515955497,252.9360506017159,29.27390099383379,0.7274042632410884,0.007679856784716499,0.007650516806739749,-0.031331666993833385,0.01961245024349682,0.014185225878255311,0.009014689153122044,58.488342133356674,1.1306897877709616,0.5145635443734742,0.6161262433974874
2026-02-26,272.95001220703125,272.95001220703125,276.1099853515625,270.79998779296875,274.95001220703125,32345100,267.8585728236607,269.6459956281543,1.9007938889909541,267.8290492466518,267.12644396049393,1.9120267106139874,265.57719848632814,267.9254278242921,2.7761471100398922,267.8585728236607,5.223398330645842,260.5799865722656,274.2300109863281,13.6500244140625,267.8290492466518,7.2290282680567515,255.77999877929688,278.1199951171875,22.339996337890625,265.57719848632814,8.627521273006026,246.6999969482422,278.1199951171875,31.419998168945312,282.231955222128,254.5650479517001,27.666907270427913,0.6645110013789693,-0.004667610137537803,-0.004678537445938535,-0.03585303312488486,0.01960360391255258,0.019454102660256132,-0.007274049504293328,56.913137851882695,1.4806608577053453,0.7077830070398484,0.7728778506654969
2026-02-27,264.17999267578125,264.17999267578125,272.80999755859375,262.8900146484375,272.80999755859375,72366500,267.8342851911272,268.2794948900611,-1.3643856359682427,268.19762021019346,266.85858475279275,-1.4980101356840878,265.3785986328125,267.7785480145466,-0.4516588614177146,267.8342851911272,5.242790652800717,260.5799865722656,274.2300109863281,13.6500244140625,268.19762021019346,6.804151251530652,255.77999877929688,278.1199951171875,22.339996337890625,265.3785986328125,8.540950193029948,246.6999969482422,278.1199951171875,31.419998168945312,281.85366693007416,255.5333356334024,26.320331296671753,0.3285162692261488,-0.03213049693728531,-0.03265801167898957,-0.06683155429115872,0.02098265592259903,0.037550091548116185,-0.03163375594752153,47.4782278657539,1.0383783902584582,0.7739020836835704,0.26447630657488785
2026-03-02,264.7200012207031,264.7200012207031,266.5299987792969,260.20001220703125,262.4100036621094,41827900,268.4257158551897,267.3896214727216,-1.3805363702506588,268.50428699311755,266.66416806805734,-1.4093949168533841,265.1807989501953,267.65860500302335,-0.17376738109109083,268.4257158551897,4.46367762348931,264.17999267578125,274.2300109863281,10.050018310546875,268.50428699311755,6.471820336013957,255.77999877929688,278.1199951171875,22.339996337890625,265.1807989501953,8.436682167613496,246.6999969482422,278.1199951171875,31.419998168945312,281.53936459566023,256.3716369912538,25.167727604406423,0.33170909828139056,0.002044093269336189,0.0020420069532886102,-0.06492407095212838,0.020942436816565907,0.023912007189015424,0.008803008751023852,48.04931355282483,0.7231050203122891,0.7637426710093141,-0.040637650697025074
2026-03-03,263.75,263.75,265.55999755859375,260.1300048828125,263.4800109863281,38568900,268.30714634486606,266.47971610454124,-1.6984811649439147,268.7076198032924,266.39924369823393,-1.8449866836383844,265.0189990234375,267.5053263754538,-0.4788332263398555,268.30714634486606,4.592036249459843,263.75,274.2300109863281,10.480010986328125,268.7076198032924,6.2369328509032425,255.77999877929688,278.1199951171875,22.339996337890625,265.0189990234375,8.383774427418158,246.6999969482422,278.1199951171875,31.419998168945312,281.42575907048376,255.85924153986775,25.56651753061601,0.3086364206890137,-0.0036642536122324376,-0.0036709834343797076,-0.0683504263028536,0.020952207449402918,0.02058764995556872,0.0010247039715126042,47.05947288029494,0.3904764419757498,0.6890894252026014,-0.2986129832268516
2026-03-04,262.5199890136719,262.5199890136719,266.1499938964844,261.4200134277344,264.6499938964844,39803100,267.78428867885043,265.4897843318239,-1.9658732374295298,268.3509521484375,266.04658418145556,-2.1728870675071223,264.82559875488283,267.3098229495016,-0.8706143786896459,267.78428867885043,5.059208234658785,262.5199890136719,274.2300109863281,11.71002197265625,268.3509521484375,6.37144306563193,255.77999877929688,278.1199951171875,22.339996337890625,264.82559875488283,8.32631381635924,246.6999969482422,278.1199951171875,31.419998168945312,281.35764319999157,255.2313552130944,26.126287986897182,0.27897701365891975,-0.004663548763329417,-0.004674457034245198,-0.07269521952012525,0.018966224459829855,0.018017601198755444,-0.008048384401798375,45.77182323490396,0.027299597452497437,0.5567314596525806,-0.5294318622000832
2026-03-05,260.2900085449219,260.2900085449219,261.55999755859375,257.25,260.7900085449219,49658600,266.0914306640625,264.18984038509836,-2.1802363588569884,267.913332984561,265.52325912358884,-2.845444216872343,264.55799865722656,267.03453611010633,-1.6132530991189158,266.0914306640625,5.333932819941257,260.2900085449219,274.2300109863281,13.94000244140625,267.913332984561,6.601469728427889,255.77999877929688,278.1199951171875,22.339996337890625,264.55799865722656,8.25093068799936,246.6999969482422,278.1199951171875,31.419998168945312,280.41631360215223,254.55268664198837,25.863626960163856,0.221829750010327,-0.00849451684471103,-0.008530800875914566,-0.08057222559809263,0.019031057240403108,0.016558444108890617,-0.0019172513655325621,43.450568160634774,-0.4354419517175643,0.3582967773785517,-0.793738729096116
2026-03-06,257.4599914550781,257.4599914550781,258.7699890136719,254.3699951171875,258.6300048828125,41120000,263.69571358816967,262.50737815259333,-2.3647415607332416,267.0071425664993,264.7902347900878,-3.5756163747729706,264.28779846191406,266.6590637706934,-2.583474169663523,263.69571358816967,4.80960959899097,257.4599914550781,272.95001220703125,15.490020751953125,267.0071425664993,6.671043953193152,255.77999877929688,278.1199951171875,22.339996337890625,264.28779846191406,8.25787506118472,246.6999969482422,278.1199951171875,31.419998168945312,279.59501480314924,253.52898422028827,26.066030582860975,0.1508095842323836,-0.010872553678353492,-0.01093209183794695,-0.09056875342864645,0.01805385055202971,0.017090010263797008,-0.0045238889751578444,40.634202279253856,-1.018782797103711,0.08288086248209917,-1.10166365958581
2026-03-09,259.8800048828125,259.8800048828125,261.1499938964844,253.67999267578125,255.69000244140625,38218500,261.8285696847098,261.8505348351481,-0.7442139733810328,266.24380929129467,264.3438502530628,-2.3902168562798742,264.03819885253904,266.39321832410985,-1.574845604839481,261.8285696847098,2.6866358291776344,257.4599914550781,264.7200012207031,7.260009765625,266.24380929129467,6.516730287933798,255.77999877929688,278.1199951171875,22.339996337890625,264.03819885253904,8.197294190936429,246.6999969482422,278.1199951171875,31.419998168945312,277.80045586022726,253.4995441397727,24.300911720454565,0.2625605498442778,0.009399570838394267,0.009355669758880348,-0.08202049000384981,0.018266773501578498,0.02874403986590491,0.01638704056239519,43.978186207000185,-1.271156658403413,-0.18792664169500328,-1.0832300167084097
2026-03-10,260.8299865722656,260.8299865722656,262.4800109863281,256.95001220703125,257.6499938964844,30590800,261.3499973842076,261.59539776942745,-0.19897104157131884,265.4204755510603,264.02440810026303,-1.7295157689940812,263.7785986328125,266.17505237305716,-1.1178359714661326,261.3499973842076,2.4890704588122485,257.4599914550781,264.7200012207031,7.260009765625,265.4204755510603,6.014090588656937,255.77999877929688,275.5,19.720001220703125,263.7785986328125,8.086295957074782,246.6999969482422,278.1199951171875,31.419998168945312,276.51834488197585,253.40265426353199,23.115690618443864,0.3213112872694108,0.0036554627966916,0.00364879782998301,-0.07866485005693369,0.01816259402769855,0.021201545312983912,0.012342296724675532,45.281192870868765,-1.3786173362356067,-0.42606478060312397,-0.9525525556324828
2026-03-11,260.80999755859375,260.80999755859375,262.1300048828125,259.54998779296875,261.0899963378906,26218900,260.7914254324777,261.399047716719,0.007121448140120601,264.76285661969865,263.7321889601113,-1.4929809685437596,263.5267987060547,265.9646580666076,-1.0309392292551443,260.7914254324777,1.9968093745792557,257.4599914550781,263.75,6.290008544921875,264.76285661969865,5.704951110247625,255.77999877929688,275.5,19.720001220703125,263.5267987060547,7.975846341537557,246.6999969482422,278.1199951171875,31.419998168945312,275.24680707856027,253.38719255522875,21.859614523331516,0.33956705848780566,-7.663617950748325e-05,-7.663911620952738e-05,-0.07873545766287127,0.018036929842122185,0.009892324351040729,-0.0010724224720372415,45.25734007396038,-1.4486940013118215,-0.6305906247448635,-0.818103376566958
2026-03-12,255.75999450683594,255.75999450683594,258.95001220703125,254.17999267578125,258.6600036621094,40794000,259.64999607631137,259.98928441424823,-1.4981712413860986,263.9095233735584,263.0074440098135,-3.0880010552658086,263.1667984008789,265.56447518191067,-2.8144902544888213,259.64999607631137,2.286394284039683,255.75999450683594,262.5199890136719,6.7599945068359375,263.9095233735584,5.64435037882355,255.75999450683594,275.5,19.740005493164062,263.1667984008789,7.910489995169357,246.6999969482422,278.1199951171875,31.419998168945312,273.5498740715829,253.11012501288977,20.43974905869314,0.12964295629740943,-0.019362766377938656,-0.019552680241045003,-0.09657368776842368,0.01841949509787263,0.01865037391968863,-0.011211664401975938,39.58414543629177,-1.8899372843315518,-0.8824599566622012,-1.0074773276693505
2026-03-13,250.1199951171875,250.1199951171875,256.3299865722656,249.52000427246094,255.47999572753906,36930000,257.87856837681363,257.52196208998305,-3.008614988233245,262.7009517124721,261.8358577468475,-4.789079184248457,262.70759857177734,264.95880929701957,-4.79148814995187,257.87856837681363,3.9154386533973518,250.1199951171875,260.8299865722656,10.709991455078125,262.7009517124721,5.754616453005691,250.1199951171875,274.2300109863281,24.110015869140625,262.70759857177734,7.989305732486241,246.6999969482422,278.1199951171875,31.419998168945312,274.548895238571,250.95010225898753,23.598792979583465,0.0,-0.022051921765652405,-0.022298700096560726,-0.11649597412678625,0.018724911356746084,0.027226860837791234,-0.020980118600236027,34.39800769324026,-2.664017445594368,-1.2387714544486346,-1.4252459911457334
2026-03-16,252.82000732421875,252.82000732421875,253.88999938964844,249.8800048828125,252.11000061035156,32074200,256.8114253452846,256.346473398542,-1.5542213574413029,262.2766658238002,261.01623498115396,-3.6056042080138884,262.3267990112305,264.4827778471058,-3.624026108977431,256.8114253452846,4.159054291169818,250.1199951171875,260.8299865722656,10.709991455078125,262.2766658238002,6.145006744147231,250.1199951171875,274.2300109863281,24.110015869140625,262.3267990112305,7.997919576321627,246.6999969482422,278.1199951171875,31.419998168945312,274.8352328737786,250.36776547827228,24.467467395506304,0.10022458827908169,0.01079486750256109,0.01073701886028607,-0.10695866522950559,0.01563067049699411,0.015861064752258642,0.0028162576341608037,38.548741742363674,-3.024745744078814,-1.5959663123746703,-1.4287794317041436
2026-03-17,254.22999572753906,254.22999572753906,255.1300048828125,252.17999267578125,252.9600067138672,32361600,256.3499973842076,255.81735398079127,-0.8269949983620078,262.2028561546689,260.39930413991624,-3.0407221889401463,261.99119873046874,264.080707960064,-2.9623907369935147,256.3499973842076,4.253216941546424,250.1199951171875,260.8299865722656,10.709991455078125,262.2028561546689,6.23558325038975,250.1199951171875,274.2300109863281,24.110015869140625,261.99119873046874,7.978156220048376,246.6999969482422,278.1199951171875,31.419998168945312,274.88982484825283,249.3481725882706,25.541652259982243,0.19113184572311886,0.005577044389181385,0.005561550258065924,-0.10197813406411671,0.014906119261448797,0.011603714182463382,0.005020513045401713,40.66022794952127,-3.160419885998863,-1.9088570270995089,-1.251562858899354
2026-03-18,249.94000244140625,249.94000244140625,254.94000244140625,249.0,252.6300048828125,35757900,254.92999703543526,254.348016095945,-1.9573979727993347,261.5390465146019,259.44845853096075,-4.434918696756848,261.64479858398437,263.52617048874407,-4.4735443646975614,254.92999703543526,4.528638526166663,249.94000244140625,260.8299865722656,10.889984130859375,261.5390465146019,6.767426448747806,249.94000244140625,274.2300109863281,24.290008544921875,261.64479858398437,8.11947666718919,246.6999969482422,278.1199951171875,31.419998168945312,275.22193131990105,247.57506575041145,27.64686556948959,0.08554086122532033,-0.016874457610149385,-0.01701845346996249,-0.11713176597383901,0.013459152667447847,0.023765713304731092,-0.010647992674718356,36.545704324008284,-3.5729227962430627,-2.24167018092822,-1.3312526153148427
2026-03-19,248.9600067138672,248.9600067138672,251.8300018310547,247.3000030517578,249.39999389648438,34864100,253.23428562709265,253.00101375042556,-1.687875282227648,260.80618940080916,258.49496291122495,-4.542140167055874,261.37679901123045,262.9549483799254,-4.7505334613994386,253.23428562709265,4.1584101338194746,248.9600067138672,260.80999755859375,11.849990844726562,260.80618940080916,7.2629652785491805,248.9600067138672,274.2300109863281,25.270004272460938,261.37679901123045,8.314200331211461,246.6999969482422,278.1199951171875,31.419998168945312,275.72041036100336,245.91458872346922,29.805821637534137,0.10217527392577913,-0.0039209238936004365,-0.003928630867926254,-0.12059342512753302,0.013424206942386677,0.018195688693498704,-0.0017641828122891133,35.658018647506324,-3.9335680654832004,-2.580049757839216,-1.3535183076439843
2026-03-20,247.99000549316406,247.99000549316406,249.1999969482422,246.0,247.97999572753906,88331100,251.4028581891741,251.7482616861102,-1.3575234269778929,260.20666649228053,257.53996678231033,-4.694983861790835,261.12999938964845,262.3680878745622,-5.031974084631071,251.4028581891741,2.8978850528682383,247.99000549316406,255.75999450683594,7.769989013671875,260.20666649228053,7.783536191565813,247.99000549316406,274.2300109863281,26.240005493164062,261.12999938964845,8.526352130463904,246.6999969482422,278.1199951171875,31.419998168945312,275.8265709179247,244.14943005863785,31.67714085928685,0.12124122728078428,-0.003896213024359163,-0.0039038230355726406,-0.12401978047825823,0.013167464780732795,0.0129037335269965,4.036521411992419e-05,34.75808296203216,-4.248676928613634,-2.9137751919941,-1.3349017366195337
2026-03-23,251.49000549316406,251.49000549316406,254.60000610351562,250.27999877929688,253.97000122070312,40546100,250.79285975864954,251.68369763787365,0.2779767076245389,259.58333405994233,256.9899703014788,-3.117815169485949,260.97899932861327,261.941496408625,-3.635922376842699,250.79285975864954,2.1910689112482844,247.99000549316406,254.22999572753906,6.239990234375,259.58333405994233,7.938398936859109,247.99000549316406,274.2300109863281,26.240005493164062,260.97899932861327,8.630341258478763,246.6999969482422,278.1199951171875,31.419998168945312,275.2447609358526,243.2622413224482,31.982519613404378,0.2572581607131251,0.01411347200480817,0.014014804238242614,-0.11165665817327242,0.013088488346899747,0.017177650124693227,-0.009764915996452333,40.58490199773344,-4.167936842136186,-3.1646075220225174,-1.0033293201136684
2026-03-24,251.63999938964844,251.63999938964844,254.8300018310547,249.5500030517578,250.35000610351562,45152300,251.01000322614397,251.67277307581736,0.2509844848441702,258.8909534272693,256.50360930949427,-2.800775361838941,260.8243994140625,261.53751613337107,-3.5212963377071533,251.01000322614397,2.188589255410227,247.99000549316406,254.22999572753906,6.239990234375,258.8909534272693,7.968302845193492,247.99000549316406,274.2300109863281,26.240005493164062,260.8243994140625,8.728430780116401,246.6999969482422,278.1199951171875,31.419998168945312,273.34602244282246,243.11097828959942,30.235044153223043,0.28209057862876746,0.0005964209042432778,0.0005962431159833461,-0.11112683163406167,0.012966333533235803,0.020982350946206825,0.0051527591559131876,40.82879842099283,-4.045215758798832,-3.3407291693777807,-0.7044865894210517
2026-03-25,252.6199951171875,252.6199951171875,255.0,251.60000610351562,254.10000610351562,28476700,250.98143005371094,251.9095785861599,0.6528630676484326,257.961428687686,256.15055347383,-2.0706326514284368,260.67179931640624,261.1878094268541,-3.0888666209133615,250.98143005371094,2.1621664152835542,247.99000549316406,254.22999572753906,6.239990234375,257.961428687686,7.4683330083340875,247.99000549316406,274.2300109863281,26.240005493164062,260.67179931640624,8.805039913421528,246.6999969482422,278.1199951171875,31.419998168945312,270.42734522847326,243.86865391703458,26.55869131143868,0.3295095039710699,0.00389443542328749,0.0038868717408098437,-0.10766517248036755,0.011776511859256562,0.013458926301170883,-0.005824521648083692,42.489869605622644,-3.8247911396420022,-3.4375415634306252,-0.387249576211377
2026-03-26,252.88999938964844,252.88999938964844,257.0,250.77000427246094,252.1199951171875,41796700,250.79000200544084,252.15468378703204,0.8373529117648153,256.9452376592727,255.85413946617712,-1.5782500218983668,260.5085995483398,260.86240511166955,-2.9245100437759928,250.79000200544084,1.8655976135247898,247.99000549316406,252.88999938964844,4.899993896484375,256.9452376592727,6.537916546018197,247.99000549316406,272.95001220703125,24.960006713867188,260.5085995483398,8.873244973160062,246.6999969482422,278.1199951171875,31.419998168945312,267.2514371454722,245.03856071829725,22.21287642717496,0.3534633930500705,0.0010688159198788405,0.001068245142811088,-0.10671143081085221,0.011549054301302429,0.024635200057634525,0.003054118226930129,42.964932329401854,-3.586967622674507,-3.467426775279402,-0.11954084739510495
2026-03-27,248.8000030517578,248.8000030517578,255.49000549316406,248.07000732421875,253.89999389648438,47842500,250.62714494977678,251.3160136032135,-0.7290279344582193,255.79523722330728,255.21285433759354,-2.7347007111952926,260.28539978027345,260.3893697367711,-4.412616588641287,250.62714494977678,1.997275910095227,247.99000549316406,252.88999938964844,4.899993896484375,255.79523722330728,5.644938319785774,247.99000549316406,264.7200012207031,16.729995727539062,260.28539978027345,9.026365797030556,246.6999969482422,278.1199951171875,31.419998168945312,266.26768862890316,244.484310272464,21.783378356439158,0.19811861634483777,-0.016173025219509918,-0.01630523602902272,-0.1211586093686482,0.011864742596571522,0.029823143400049445,-0.020086612711010306,37.86275260970509,-3.6860290466180174,-3.5111472295471255,-0.1748818170708919
